{
    "name": "number",
    "roles": [
        "number"
    ],
    "lookups": [
        "free-text",
        "keywords"
    ],
    "keywords": [
        {
            "keyword": "four",
            "synonyms": [
                "four"
            ]
        },
        {
            "keyword": "nine",
            "synonyms": [
                "nine"
            ]
        },
        {
            "keyword": "seven",
            "synonyms": [
                "seven"
            ]
        },
        {
            "keyword": "three",
            "synonyms": [
                "three"
            ]
        }
    ]
}
