{
    "utterances": [
        {
            "text": "Color this cube to red",
            "entities": [
                {
                    "entity": "shape:shape",
                    "start": 11,
                    "end": 15,
                    "body": "cube",
                    "entities": []
                },
                {
                    "entity": "color:color",
                    "start": 19,
                    "end": 22,
                    "body": "red",
                    "entities": []
                }
            ],
            "traits": [],
            "intent": "color_this"
        },
        {
            "text": "Color this cylinder to black",
            "entities": [
                {
                    "entity": "shape:shape",
                    "start": 11,
                    "end": 19,
                    "body": "cylinder",
                    "entities": []
                },
                {
                    "entity": "color:color",
                    "start": 23,
                    "end": 28,
                    "body": "black",
                    "entities": []
                }
            ],
            "traits": [],
            "intent": "color_this"
        },
        {
            "text": "Color this sphere to blue",
            "entities": [
                {
                    "entity": "shape:shape",
                    "start": 11,
                    "end": 17,
                    "body": "sphere",
                    "entities": []
                },
                {
                    "entity": "color:color",
                    "start": 21,
                    "end": 25,
                    "body": "blue",
                    "entities": []
                }
            ],
            "traits": [],
            "intent": "color_this"
        },
        {
            "text": "Do you have any Card Number three?",
            "entities": [
                {
                    "entity": "number:number",
                    "start": 28,
                    "end": 33,
                    "body": "three",
                    "entities": []
                }
            ],
            "traits": [],
            "intent": "number"
        },
        {
            "text": "Go fish",
            "entities": [
                {
                    "entity": "fishing:fishing",
                    "start": 0,
                    "end": 7,
                    "body": "Go fish",
                    "entities": []
                }
            ],
            "traits": [],
            "intent": "fishing"
        },
        {
            "text": "move cube forward",
            "entities": [
                {
                    "entity": "shape:shape",
                    "start": 5,
                    "end": 9,
                    "body": "cube",
                    "entities": []
                },
                {
                    "entity": "direction:direction",
                    "start": 10,
                    "end": 17,
                    "body": "forward",
                    "entities": []
                }
            ],
            "traits": [],
            "intent": "move_shape"
        }
    ]
}
