{
    "name": "color",
    "roles": [
        "color"
    ],
    "lookups": [
        "free-text",
        "keywords"
    ],
    "keywords": [
        {
            "keyword": "Go fish",
            "synonyms": [
                "Go fish"
            ]
        },
        {
            "keyword": "black",
            "synonyms": [
                "black"
            ]
        },
        {
            "keyword": "blue",
            "synonyms": [
                "blue"
            ]
        },
        {
            "keyword": "red",
            "synonyms": [
                "red"
            ]
        }
    ]
}
